,Close,compound,negative,neutral,positive,Open,High,Low,Volume
2020-01-31,40723.488281,-0.9999,0.134,0.803,0.062,41146.558594,41154.488281,40671.011719,11500.0
2020-02-03,39872.308594,-0.998,0.119,0.773,0.108,39701.019531,40014.898438,39563.070313,10600.0
2020-02-04,40789.378906,-0.9999,0.171,0.745,0.084,40178.738281,40818.941406,40117.460938,15300.0
2020-02-05,41142.660156,-0.9999,0.15,0.773,0.076,40921.710938,41177.0,40703.320313,13900.0
2020-02-06,41306.03125,-0.9999,0.156,0.762,0.082,41209.128906,41405.429688,41113.109375,15000.0
2020-02-07,41141.851563,-0.9999,0.14,0.788,0.072,41394.410156,41394.410156,41073.359375,15300.0
2020-02-10,40979.621094,-0.9999,0.157,0.754,0.089,41166.71875,41172.058594,40798.980469,15200.0
2020-02-11,41216.140625,-0.9999,0.157,0.768,0.074,41183.390625,41444.339844,41179.140625,7700.0
2020-02-12,41565.898438,-0.9986,0.102,0.825,0.073,41330.851563,41671.859375,41330.851563,9600.0
2020-02-13,41459.789063,-0.9999,0.168,0.743,0.089,41707.210938,41709.300781,41338.308594,9100.0
2020-02-14,41257.738281,-0.9999,0.149,0.77,0.081,41510.191406,41702.359375,41183.128906,9800.0
2020-02-17,41055.691406,-0.9999,0.146,0.782,0.072,41324.039063,41420.339844,41030.578125,6900.0
2020-02-18,40894.378906,-0.9998,0.13,0.801,0.069,41042.460938,41042.460938,40610.949219,12300.0
2020-02-19,41323.0,-0.9999,0.162,0.761,0.077,41121.511719,41357.160156,41048.929688,5600.0
2020-02-20,41170.121094,-0.9999,0.145,0.791,0.064,41334.960938,41399.929688,41134.308594,8400.0
2020-02-24,40363.230469,-0.9998,0.119,0.821,0.06,41037.011719,41037.011719,40306.359375,8100.0
2020-02-25,40281.199219,-0.9998,0.141,0.782,0.077,40497.71875,40536.0,40220.589844,7300.0
2020-02-26,39888.960938,-0.9999,0.147,0.764,0.089,40194.890625,40255.390625,39760.390625,9000.0
2020-02-27,39745.660156,-0.9999,0.148,0.782,0.07,39947.800781,39947.800781,39423.269531,9600.0
2020-02-28,38297.289063,-0.9999,0.161,0.743,0.097,39087.46875,39087.46875,38219.96875,12700.0
2020-03-02,38144.019531,-0.9998,0.144,0.767,0.089,38910.949219,39083.171875,37785.988281,13400.0
2020-03-03,38623.699219,-0.9997,0.11,0.836,0.054,38480.890625,38754.238281,38142.300781,10600.0
2020-03-04,38409.480469,-0.9999,0.153,0.781,0.066,38715.71875,38791.699219,37846.101563,15300.0
2020-03-05,38470.609375,-0.9997,0.13,0.78,0.09,38604.25,38887.800781,38386.679688,13500.0
2020-03-06,37576.621094,-0.9999,0.164,0.765,0.071,37613.960938,37747.070313,37011.089844,19000.0
2020-03-09,35634.949219,-0.999,0.095,0.842,0.064,36950.199219,36950.199219,35109.179688,18800.0
2020-03-11,35697.398438,-0.9999,0.174,0.753,0.073,35468.898438,36021.511719,35261.921875,27900.0
2020-03-12,32778.140625,-1.0,0.196,0.728,0.075,34472.5,34472.5,32493.099609,25200.0
2020-03-13,34103.480469,-0.9999,0.169,0.752,0.08,31214.130859,34769.480469,29388.970703,32600.0
2020-03-16,31390.070313,-0.9999,0.151,0.802,0.046,33103.238281,33103.238281,31276.300781,18100.0
2020-03-17,30579.089844,-1.0,0.199,0.734,0.067,31611.570313,32047.980469,30394.939453,21500.0
2020-03-18,28869.509766,-0.9999,0.133,0.819,0.048,30968.839844,31101.769531,28613.050781,31300.0
2020-03-19,28288.230469,-0.9999,0.134,0.812,0.054,27773.359375,29370.529297,26714.460938,33200.0
2020-03-20,29915.960938,-0.9999,0.138,0.811,0.052,28460.820313,30418.199219,27932.669922,32100.0
2020-03-23,25981.240234,-0.9997,0.133,0.781,0.086,27608.800781,27900.830078,25880.830078,21800.0
2020-03-24,26674.029297,-0.9998,0.124,0.812,0.064,27056.230469,27462.869141,25638.900391,24700.0
2020-03-25,28535.779297,-0.9991,0.12,0.786,0.095,26499.810547,28790.189453,26359.910156,141500.0
2020-03-26,29946.769531,-0.9993,0.109,0.823,0.068,29073.710938,30099.910156,28566.339844,35000.0
2020-03-27,29815.589844,-0.9996,0.132,0.772,0.096,30747.810547,31126.029297,29346.990234,116900.0
2020-03-30,28440.320313,-0.9985,0.099,0.825,0.076,29226.550781,29497.570313,28290.990234,23200.0
2020-03-31,29468.490234,-0.9994,0.114,0.808,0.077,29294.939453,29770.880859,28667.359375,26400.0
2020-04-01,28265.310547,-0.9989,0.112,0.799,0.089,29505.330078,29505.980469,28073.429688,18000.0
2020-04-03,27590.949219,-0.9985,0.105,0.814,0.082,28623.529297,28639.119141,27500.789063,18900.0
2020-04-07,30067.210938,-0.9995,0.129,0.778,0.093,28898.359375,30157.650391,28602.310547,21900.0
2020-04-08,29893.960938,-0.9994,0.11,0.819,0.071,29701.919922,31227.970703,29602.939453,24700.0
2020-04-09,31159.619141,-0.9965,0.08,0.856,0.063,30571.189453,31225.199219,30420.220703,18800.0
2020-04-13,30690.019531,-0.9995,0.126,0.783,0.091,31195.720703,31195.720703,30474.150391,16100.0
2020-04-15,30379.810547,-0.9966,0.076,0.865,0.058,31277.109375,31568.359375,30222.070313,23600.0
2020-04-16,30602.609375,-0.9985,0.111,0.799,0.09,30095.509766,30800.199219,30016.169922,16900.0
2020-04-17,31588.720703,-0.9998,0.134,0.793,0.073,31656.679688,31718.730469,30960.939453,22200.0
2020-04-20,31648.0,-0.9994,0.122,0.786,0.092,32056.189453,32056.470703,31490.259766,17200.0
2020-04-21,30636.710938,-0.9989,0.115,0.791,0.094,30836.189453,30900.119141,30378.259766,19700.0
2020-04-22,31379.550781,-0.9997,0.129,0.789,0.082,30856.140625,31471.140625,30578.550781,21000.0
2020-04-23,31863.080078,-0.9991,0.111,0.804,0.085,31646.449219,31959.019531,31292.919922,24400.0
2020-04-24,31327.220703,-0.9982,0.097,0.83,0.073,31426.619141,31842.240234,31278.269531,17600.0
2020-04-27,31743.080078,-0.9988,0.107,0.808,0.085,31659.039063,32103.699219,31651.580078,12900.0
2020-04-28,32114.519531,-0.9976,0.106,0.805,0.089,32101.910156,32199.910156,31661.339844,15600.0
2020-04-29,32720.160156,-0.97,0.085,0.833,0.082,32311.039063,32897.589844,32171.650391,16000.0
2020-04-30,33717.621094,-0.9994,0.117,0.794,0.089,33381.191406,33887.25,33354.929688,21100.0
2020-05-04,31715.349609,-0.9995,0.107,0.826,0.067,32748.140625,32748.140625,31632.019531,18300.0
2020-05-05,31453.509766,-0.9975,0.096,0.826,0.078,32182.900391,32264.0,31403.570313,19200.0
2020-05-06,31685.75,-0.9987,0.097,0.832,0.07,31577.630859,31970.839844,31158.75,19200.0
2020-05-07,31443.380859,-0.9986,0.09,0.841,0.069,31677.689453,31705.25,31362.869141,19900.0
2020-05-08,31642.699219,-0.9991,0.086,0.865,0.049,32083.320313,32088.509766,31598.0,15900.0
2020-05-11,31561.220703,-0.9993,0.11,0.808,0.082,32030.339844,32301.580078,31500.869141,18100.0
2020-05-12,31371.119141,-0.9994,0.121,0.791,0.087,31342.929688,31536.890625,30844.660156,23100.0
2020-05-13,32008.609375,-0.9997,0.109,0.823,0.069,32841.871094,32845.480469,31901.919922,18400.0
2020-05-14,31122.890625,-0.9984,0.113,0.793,0.094,31466.330078,31630.939453,31052.650391,15200.0
2020-05-15,31097.730469,-0.9958,0.094,0.821,0.085,31296.279297,31296.279297,30770.480469,13000.0
2020-05-18,30028.980469,-0.9999,0.141,0.783,0.076,31248.259766,31248.259766,29968.449219,19500.0
2020-05-19,30196.169922,-0.9996,0.115,0.813,0.072,30450.740234,30739.960938,30116.820313,18700.0
2020-05-20,30818.609375,-0.9997,0.11,0.824,0.066,30159.589844,30878.310547,30157.75,16100.0
2020-05-21,30932.900391,-0.9998,0.127,0.792,0.081,30904.289063,31188.789063,30765.320313,15500.0
2020-05-22,30672.589844,-0.9997,0.138,0.772,0.09,30822.779297,31107.910156,30474.880859,20600.0
2020-05-26,30609.300781,-0.9998,0.131,0.791,0.078,30864.269531,31086.699219,30512.140625,188300.0
2020-05-27,31605.220703,-0.9996,0.119,0.797,0.084,30793.109375,31660.599609,30525.679688,20500.0
2020-05-28,32200.589844,-0.9997,0.123,0.8,0.077,31827.800781,32267.230469,31641.769531,27500.0
2020-05-29,32424.099609,-0.9998,0.135,0.777,0.088,32041.289063,32480.519531,31823.800781,37100.0
2020-06-01,33303.519531,-0.9999,0.143,0.779,0.078,32906.050781,33673.828125,32876.550781,22900.0
2020-06-02,33825.53125,-0.9998,0.136,0.774,0.09,33450.191406,33866.628906,33301.289063,75600.0
2020-06-03,34109.539063,-0.9996,0.121,0.795,0.084,34185.410156,34488.691406,34027.5,18400.0
2020-06-04,33980.699219,-0.9994,0.104,0.82,0.076,34072.5,34310.140625,33711.238281,17900.0
2020-06-05,34287.238281,-0.9997,0.128,0.788,0.083,34198.550781,34405.429688,33958.019531,24600.0
2020-06-08,34370.578125,-0.9996,0.128,0.785,0.087,34841.171875,34927.800781,34211.828125,25700.0
2020-06-09,33956.691406,-0.9997,0.116,0.814,0.07,34520.789063,34811.289063,33881.191406,19200.0
2020-06-10,34247.050781,-0.9997,0.143,0.753,0.104,34029.140625,34350.171875,33949.460938,15500.0
2020-06-11,33538.371094,-0.9985,0.082,0.867,0.051,34214.691406,34219.390625,33480.421875,20900.0
2020-06-12,33780.890625,-0.9998,0.137,0.783,0.08,32436.689453,33856.269531,32348.099609,23000.0
2020-06-15,33228.800781,-0.9997,0.117,0.813,0.069,33670.550781,33670.550781,32923.738281,18400.0
2020-06-16,33605.21875,-0.9998,0.139,0.771,0.09,33853.71875,34022.011719,32953.300781,27400.0
2020-06-17,33507.921875,-0.9985,0.11,0.802,0.088,33438.308594,33933.660156,33332.960938,20200.0
2020-06-18,34208.050781,-0.9997,0.129,0.791,0.081,33371.519531,34276.011719,33371.519531,21200.0
2020-06-19,34731.730469,-0.9998,0.136,0.781,0.083,34335.378906,34848.371094,34136.390625,27900.0
2020-06-22,34911.320313,-0.9997,0.121,0.8,0.079,34892.03125,35213.519531,34794.398438,25100.0
2020-06-23,35430.429688,-0.9999,0.141,0.787,0.073,35015.730469,35482.160156,34843.691406,25200.0
2020-06-24,34868.980469,-0.9997,0.116,0.808,0.075,35679.738281,35706.550781,34794.929688,26600.0
2020-06-25,34842.101563,-0.9999,0.13,0.816,0.054,34525.390625,35081.609375,34499.78125,24600.0
2020-06-26,35171.269531,-0.9999,0.15,0.765,0.085,35144.78125,35254.878906,34910.339844,24800.0
2020-06-29,34961.519531,-0.9997,0.124,0.8,0.076,34926.949219,35032.359375,34662.058594,18300.0
2020-06-30,34915.800781,-0.9998,0.119,0.818,0.063,35168.300781,35233.910156,34812.800781,18500.0
2020-07-01,35414.449219,-0.9998,0.141,0.764,0.095,35009.589844,35467.230469,34927.199219,19400.0
2020-07-02,35843.699219,-0.9986,0.105,0.814,0.081,35604.0,36014.921875,35595.359375,20600.0
2020-07-03,36021.421875,-0.9997,0.121,0.807,0.072,36025.378906,36110.210938,35872.378906,16500.0
2020-07-06,36487.28125,-0.9995,0.113,0.808,0.08,36313.460938,36661.660156,36254.019531,22300.0
2020-07-07,36674.519531,-0.9996,0.104,0.835,0.061,36660.351563,36723.269531,36271.089844,20600.0
2020-07-08,36329.011719,-0.9998,0.124,0.809,0.067,36738.378906,36828.429688,36234.171875,24800.0
2020-07-09,36737.691406,-0.9998,0.121,0.823,0.056,36450.691406,36806.300781,36422.300781,17400.0
2020-07-10,36594.328125,-0.9977,0.086,0.851,0.063,36555.128906,36748.890625,36401.109375,20900.0
2020-07-13,36693.691406,-0.9997,0.113,0.822,0.065,36880.660156,37024.199219,36533.960938,16500.0
2020-07-14,36033.058594,-0.9992,0.118,0.788,0.094,36517.28125,36538.101563,35877.421875,14100.0
2020-07-15,36051.808594,-0.9992,0.119,0.786,0.096,36314.761719,36810.25,35894.960938,23500.0
2020-07-16,36471.679688,-0.9996,0.107,0.825,0.067,36401.199219,36524.621094,36038.410156,18500.0
2020-07-17,37020.140625,-0.9996,0.127,0.783,0.09,36547.75,37125.980469,36512.921875,16500.0
2020-07-20,37418.988281,-0.9999,0.131,0.802,0.067,37409.03125,37478.871094,37185.78125,20100.0
2020-07-21,37930.328125,-0.999,0.091,0.843,0.065,37823.609375,37990.550781,37742.050781,22700.0
2020-07-22,37871.519531,-0.9999,0.138,0.784,0.078,38178.070313,38199.269531,37601.621094,22300.0
2020-07-23,38140.46875,-0.9995,0.102,0.836,0.062,37814.921875,38225.03125,37738.589844,19600.0
2020-07-24,38128.898438,-0.9998,0.114,0.827,0.059,37949.589844,38235.730469,37748.410156,19900.0
2020-07-27,37934.730469,-0.9999,0.161,0.775,0.064,38275.339844,38275.339844,37769.441406,18600.0
2020-07-28,38492.949219,-0.9992,0.099,0.832,0.069,38052.179688,38554.71875,37998.128906,15500.0
2020-07-29,38071.128906,-0.9997,0.125,0.797,0.079,38427.148438,38617.03125,37884.410156,17600.0
2020-07-30,37736.070313,-0.9996,0.128,0.775,0.098,38262.828125,38413.808594,37678.421875,14800.0
2020-07-31,37606.890625,-0.9996,0.115,0.809,0.077,37847.878906,37897.78125,37431.679688,20200.0
2020-08-03,36939.601563,-0.9994,0.13,0.767,0.103,37595.730469,37596.019531,36911.230469,14300.0
2020-08-04,37687.910156,-0.9992,0.113,0.801,0.086,37092.859375,37745.601563,36987.730469,15100.0
2020-08-05,37663.328125,-0.9996,0.12,0.795,0.084,37892.359375,38139.960938,37550.601563,19800.0
2020-08-06,38025.449219,-0.9992,0.132,0.76,0.108,37946.800781,38221.398438,37755.101563,16600.0
2020-08-07,38040.570313,-0.9999,0.136,0.793,0.07,37951.070313,38109.679688,37787.378906,15300.0
2020-08-10,38182.078125,-0.9997,0.128,0.79,0.082,38168.421875,38430.691406,38073.289063,17200.0
2020-08-11,38407.011719,-0.9998,0.127,0.804,0.069,38371.339844,38556.269531,38313.058594,18700.0
2020-08-12,38369.628906,-0.9997,0.118,0.813,0.069,38321.128906,38414.371094,38125.808594,25300.0
2020-08-13,38310.488281,-0.9998,0.138,0.778,0.084,38456.640625,38516.851563,38215.050781,15400.0
2020-08-14,37877.339844,-0.9989,0.091,0.847,0.061,38432.941406,38540.570313,37654.921875,18600.0
2020-08-17,38050.78125,-0.9993,0.102,0.829,0.069,38062.070313,38119.378906,37734.140625,21500.0
2020-08-18,38528.320313,-0.9999,0.147,0.768,0.085,38084.699219,38571.230469,38062.011719,13600.0
2020-08-19,38614.789063,-0.9998,0.126,0.805,0.068,38727.890625,38788.511719,38550.648438,12800.0
2020-08-20,38220.390625,-0.9995,0.103,0.829,0.068,38283.898438,38402.449219,38155.78125,15800.0
2020-08-21,38434.71875,-0.9995,0.12,0.797,0.083,38471.929688,38579.828125,38411.371094,16800.0
2020-08-24,38799.078125,-0.9996,0.127,0.786,0.087,38566.960938,38894.941406,38545.761719,28100.0
2020-08-25,38843.878906,-0.9997,0.11,0.828,0.062,38948.460938,39008.890625,38679.671875,15700.0
2020-08-26,39073.921875,-0.9999,0.169,0.762,0.068,38930.179688,39111.550781,38765.089844,16400.0
2020-08-27,39113.46875,-0.9996,0.127,0.783,0.091,39293.53125,39326.980469,39046.941406,14500.0
2020-08-28,39467.308594,-0.9995,0.118,0.796,0.086,39264.480469,39579.578125,39235.03125,22500.0
2020-08-31,38628.289063,-0.9999,0.153,0.761,0.087,39888.148438,40010.171875,38395.890625,27900.0
2020-09-01,38900.800781,-0.9998,0.135,0.783,0.082,38754.0,39226.820313,38542.109375,22000.0
2020-09-02,39086.03125,-0.9995,0.11,0.815,0.075,38892.640625,39141.839844,38736.21875,17100.0
2020-09-03,38990.941406,-0.9999,0.167,0.757,0.077,39165.800781,39236.359375,38943.429688,9200.0
2020-09-04,38357.179688,-0.9998,0.136,0.789,0.076,38325.0,38729.660156,38249.769531,15400.0
2020-09-07,38417.230469,-0.9997,0.128,0.793,0.079,38284.78125,38519.921875,38060.738281,12500.0
2020-09-08,38365.351563,-0.9998,0.14,0.772,0.088,38498.070313,38746.480469,38275.449219,11900.0
2020-09-09,38193.921875,-0.9998,0.128,0.801,0.071,37988.558594,38252.671875,37935.261719,14000.0
2020-09-10,38840.320313,-0.9997,0.124,0.793,0.082,38516.878906,38878.25,38367.070313,16500.0
2020-09-11,38854.550781,-0.9993,0.109,0.815,0.076,38865.171875,38978.519531,38711.800781,11400.0
2020-09-14,38756.628906,-0.9997,0.133,0.784,0.083,39073.511719,39230.160156,38573.171875,14700.0
2020-09-15,39044.351563,-0.9998,0.135,0.793,0.072,38904.671875,39102.25,38753.679688,11600.0
2020-09-16,39302.851563,-0.9998,0.131,0.792,0.077,39161.011719,39359.511719,39037.960938,11700.0
2020-09-17,38979.851563,-0.9998,0.126,0.81,0.065,39120.640625,39234.808594,38926.339844,11400.0
2020-09-18,38845.820313,-0.9997,0.105,0.848,0.047,39200.421875,39200.421875,38635.730469,14300.0
2020-09-21,38034.140625,-0.9997,0.115,0.817,0.068,38812.691406,38990.761719,37938.53125,15800.0
2020-09-22,37734.078125,-0.9998,0.133,0.8,0.067,38200.710938,38209.96875,37531.140625,15300.0
2020-09-23,37668.421875,-0.9999,0.152,0.765,0.083,38124.941406,38140.070313,37313.089844,15000.0
2020-09-24,36553.601563,-0.9996,0.106,0.839,0.055,37282.179688,37304.261719,36495.980469,13900.0
2020-09-25,37388.660156,-0.9998,0.141,0.776,0.083,36991.890625,37471.171875,36730.519531,13500.0
2020-09-28,37981.628906,-0.9998,0.137,0.781,0.082,37756.25,38035.871094,37544.050781,13600.0
2020-09-29,37973.21875,-0.9994,0.124,0.783,0.093,38176.859375,38235.941406,37831.351563,10600.0
2020-09-30,38067.929688,-0.9998,0.133,0.789,0.078,38068.890625,38236.339844,37828.109375,18400.0
2020-10-01,38697.050781,-0.9998,0.137,0.782,0.081,38410.199219,38738.890625,38410.199219,12900.0
2020-10-05,38973.699219,-0.9989,0.092,0.851,0.057,38956.78125,39263.851563,38819.890625,15500.0
2020-10-06,39574.570313,-0.9998,0.125,0.815,0.06,39336.339844,39623.761719,39191.101563,11300.0
2020-10-07,39878.949219,-0.9999,0.146,0.775,0.079,39633.191406,39968.039063,39450.820313,15000.0
2020-10-08,40182.671875,-0.9994,0.111,0.814,0.075,40204.320313,40468.878906,40062.230469,14400.0
2020-10-09,40509.488281,-0.9998,0.14,0.783,0.077,40226.25,40585.359375,40066.539063,16600.0
2020-10-12,40593.800781,-0.9999,0.128,0.809,0.063,40716.949219,40905.488281,40387.398438,17600.0
2020-10-13,40625.511719,-0.9999,0.148,0.785,0.067,40592.539063,40786.820313,40461.96875,11000.0
2020-10-14,40794.738281,-0.9999,0.15,0.759,0.09,40623.191406,40880.25,40279.550781,15000.0
2020-10-15,39728.410156,-0.9999,0.138,0.786,0.076,41048.050781,41048.050781,39667.46875,30400.0
2020-10-16,39982.980469,-0.9998,0.129,0.787,0.084,39936.609375,40125.710938,39699.421875,11000.0
2020-10-19,40431.601563,-0.9999,0.147,0.779,0.073,40318.570313,40519.480469,40211.21875,12300.0
2020-10-20,40544.371094,-0.9998,0.142,0.763,0.095,40420.289063,40732.011719,40305.589844,12100.0
2020-10-21,40707.308594,-0.9999,0.138,0.788,0.073,40767.140625,40976.019531,40150.480469,16700.0
2020-10-22,40558.488281,-0.9999,0.152,0.762,0.086,40531.308594,40721.570313,40309.050781,13900.0
2020-10-23,40685.5,-0.9997,0.12,0.805,0.075,40728.390625,40811.121094,40590.898438,12400.0
2020-10-26,40145.5,-0.9993,0.115,0.798,0.087,40649.761719,40724.398438,39948.289063,10100.0
2020-10-27,40522.101563,-0.9999,0.149,0.764,0.088,40199.078125,40555.601563,39978.390625,13900.0
2020-10-28,39922.460938,-0.9998,0.142,0.776,0.082,40664.351563,40664.351563,39774.601563,29400.0
2020-10-29,39749.851563,-0.9999,0.15,0.773,0.077,39537.171875,40010.828125,39524.25,19500.0
2020-10-30,39614.070313,-0.9999,0.148,0.763,0.088,39779.820313,39988.25,39241.871094,12000.0
2020-11-02,39757.578125,-0.9996,0.121,0.797,0.082,39880.378906,39968.03125,39334.921875,15400.0
2020-11-03,40261.128906,-0.9998,0.13,0.786,0.083,39990.75,40354.730469,39952.789063,21400.0
2020-11-04,40616.140625,-0.9994,0.108,0.82,0.071,40171.710938,40693.511719,40076.46875,20900.0
2020-11-05,41340.160156,-0.9999,0.137,0.789,0.074,41112.121094,41370.910156,41030.171875,42600.0
2020-11-06,41893.058594,-0.9996,0.105,0.837,0.058,41438.761719,41954.929688,41383.289063,19000.0
2020-11-09,42597.429688,-0.9998,0.131,0.787,0.082,42273.96875,42645.328125,42263.640625,24300.0
2020-11-10,43277.648438,-0.9998,0.126,0.8,0.074,42959.25,43316.441406,42660.089844,28700.0
2020-11-11,43593.671875,0.9974,0.116,0.758,0.127,43444.058594,43708.46875,42970.210938,30300.0
2020-11-12,43357.191406,-0.9993,0.122,0.783,0.094,43291.890625,43543.960938,43127.550781,14500.0
2020-11-13,43443.0,-0.9997,0.135,0.771,0.094,43298.921875,43522.25,43053.371094,24400.0
2020-11-17,43952.710938,-0.9998,0.135,0.782,0.082,44095.851563,44161.160156,43699.21875,20900.0
2020-11-18,44180.050781,-0.9999,0.148,0.788,0.064,43978.578125,44215.488281,43785.78125,18300.0
2020-11-19,43599.960938,-0.9994,0.107,0.82,0.073,43902.238281,44230.0,43518.109375,24100.0
2020-11-20,43882.25,-0.9998,0.13,0.787,0.083,43732.140625,44013.019531,43453.75,17100.0
2020-11-23,44077.148438,-0.9983,0.102,0.815,0.083,44164.171875,44271.148438,43747.21875,17800.0
2020-11-24,44523.019531,-0.9996,0.124,0.787,0.089,44341.191406,44601.628906,44247.121094,17900.0
2020-11-25,43828.101563,-0.9999,0.127,0.813,0.06,44749.730469,44825.371094,43757.96875,19100.0
2020-11-26,44259.738281,-0.9999,0.142,0.786,0.073,43967.589844,44361.78125,43582.398438,14600.0
2020-11-27,44149.71875,-0.9998,0.124,0.799,0.077,44325.03125,44407.28125,43995.410156,15700.0
2020-12-01,44655.441406,-0.9999,0.149,0.775,0.076,44435.828125,44730.789063,44118.101563,16000.0
2020-12-02,44618.039063,-0.9985,0.102,0.82,0.078,44729.519531,44729.640625,44169.96875,16000.0
2020-12-03,44632.648438,-0.9999,0.139,0.797,0.064,44902.019531,44953.011719,44551.421875,30700.0
2020-12-04,45079.550781,-0.9999,0.16,0.75,0.089,44665.910156,45148.28125,44665.910156,27600.0
2020-12-07,45426.96875,-0.9996,0.124,0.786,0.089,45099.921875,45458.921875,45024.46875,18700.0
2020-12-08,45608.511719,-0.9998,0.136,0.789,0.075,45568.800781,45742.230469,45335.171875,18200.0
2020-12-09,46103.5,-0.9998,0.141,0.777,0.081,45891.039063,46164.101563,45792.011719,20700.0
2020-12-10,45959.878906,-0.9996,0.12,0.802,0.078,45999.421875,46043.96875,45685.871094,12700.0
2020-12-11,46099.011719,-0.9999,0.147,0.772,0.081,46060.320313,46309.628906,45706.21875,26300.0
2020-12-14,46253.460938,-0.9993,0.112,0.808,0.081,46284.699219,46373.339844,45951.53125,18400.0
2020-12-15,46263.171875,-0.9998,0.123,0.802,0.074,46287.390625,46350.300781,45841.671875,16400.0
2020-12-16,46666.460938,-0.9994,0.105,0.82,0.075,46573.308594,46704.96875,46402.199219,13100.0
2020-12-17,46890.339844,-0.9997,0.123,0.801,0.076,46774.320313,46992.570313,46627.601563,17200.0
2020-12-18,46960.691406,-0.9998,0.132,0.78,0.088,47026.019531,47026.019531,46630.308594,12800.0
2020-12-21,45553.960938,-0.9995,0.103,0.832,0.065,46932.179688,47055.691406,44923.078125,24400.0
2020-12-22,46006.691406,-0.9999,0.158,0.742,0.099,45529.609375,46080.179688,45112.191406,25100.0
2020-12-23,46444.179688,-0.9996,0.12,0.8,0.08,46072.300781,46513.320313,45899.101563,10500.0
2020-12-24,46973.539063,-0.9971,0.082,0.854,0.064,46743.488281,47053.398438,46539.019531,13700.0
2020-12-28,47353.75,-0.9997,0.126,0.789,0.085,47153.589844,47406.71875,47148.238281,9600.0
2020-12-29,47613.078125,-0.9998,0.136,0.774,0.09,47466.621094,47714.550781,47361.898438,12800.0
2020-12-30,47746.21875,-0.9998,0.126,0.797,0.077,47789.03125,47807.851563,47358.359375,15600.0
2020-12-31,47751.328125,-0.9996,0.124,0.783,0.094,47753.109375,47896.96875,47602.121094,13900.0
2021-01-01,47868.980469,-0.999,0.115,0.79,0.095,47785.28125,47984.359375,47771.148438,82700.0
2021-01-04,48176.800781,-0.9999,0.135,0.799,0.066,48109.171875,48220.46875,47594.46875,13900.0
2021-01-05,48437.78125,-0.9998,0.139,0.769,0.092,48037.628906,48486.238281,47903.378906,12200.0
2021-01-06,48174.058594,-0.9998,0.136,0.789,0.075,48616.660156,48616.660156,47864.140625,22500.0
2021-01-07,48093.320313,-0.9998,0.116,0.823,0.061,48524.359375,48558.339844,48037.871094,18400.0
2021-01-08,48782.511719,-0.9999,0.156,0.787,0.057,48464.910156,48854.339844,48365.578125,22200.0
2021-01-11,49269.320313,-0.9999,0.152,0.783,0.065,49252.308594,49303.789063,48956.378906,21200.0
2021-01-12,49517.109375,-0.9999,0.156,0.772,0.072,49228.261719,49569.140625,49079.570313,12700.0
2021-01-13,49492.320313,-0.999,0.08,0.877,0.044,49763.929688,49795.191406,49073.851563,27200.0
2021-01-14,49584.160156,-0.9998,0.131,0.799,0.071,49432.828125,49663.578125,49182.371094,24500.0
2021-01-15,49034.671875,-0.9993,0.105,0.819,0.076,49656.710938,49656.710938,48795.789063,14700.0
2021-01-18,48564.269531,-0.9999,0.146,0.781,0.073,49061.21875,49122.230469,48403.96875,16600.0
2021-01-19,49398.289063,-0.9999,0.14,0.795,0.065,48900.308594,49499.859375,48805.539063,11000.0
2021-01-20,49792.121094,-0.9999,0.15,0.764,0.086,49508.789063,49874.421875,49373.679688,12200.0
2021-01-21,49624.761719,-0.9996,0.109,0.826,0.065,50096.570313,50184.011719,49398.859375,19300.0
2021-01-22,48878.539063,-0.9995,0.099,0.846,0.055,49594.949219,49676.878906,48832.078125,18400.0
2021-01-25,48347.589844,-0.9998,0.135,0.785,0.08,49253.679688,49263.148438,48274.921875,15500.0
2021-01-27,47409.929688,-0.9934,0.115,0.776,0.109,48385.28125,48387.25,47269.601563,19600.0
2021-01-28,46874.359375,-0.9999,0.154,0.763,0.083,46834.570313,47172.019531,46518.480469,25000.0
2021-01-29,46285.769531,-0.9997,0.118,0.815,0.067,47423.46875,47423.660156,46160.460938,14500.0
2021-02-01,48600.609375,-0.9998,0.116,0.816,0.068,46617.949219,48764.398438,46433.648438,22000.0
2021-02-02,49797.71875,-0.9991,0.131,0.76,0.109,49193.261719,50154.480469,49193.261719,28400.0
2021-02-03,50255.75,-0.9996,0.122,0.793,0.085,50231.058594,50526.390625,49515.878906,22400.0
2021-02-04,50614.289063,-0.9999,0.152,0.776,0.072,50212.25,50687.511719,49926.449219,33600.0
2021-02-05,50731.628906,-0.9998,0.135,0.78,0.085,51031.390625,51073.269531,50565.289063,32200.0
2021-02-08,51348.769531,-0.9988,0.086,0.855,0.059,51146.671875,51523.378906,51146.671875,20600.0
2021-02-09,51329.078125,-0.9999,0.134,0.8,0.066,51484.230469,51835.859375,51193.929688,21200.0
2021-02-10,51309.390625,-0.9999,0.145,0.772,0.083,51355.890625,51512.859375,50846.21875,16000.0
2021-02-11,51531.519531,-0.9998,0.129,0.805,0.066,51165.839844,51592.449219,51157.308594,12100.0
2021-02-12,51544.300781,-0.9998,0.131,0.795,0.074,51614.769531,51804.578125,51260.621094,15100.0
2021-02-15,52154.128906,-0.9999,0.143,0.782,0.074,51907.75,52235.96875,51886.460938,14700.0
2021-02-16,52104.171875,-0.9998,0.131,0.787,0.082,52400.03125,52516.761719,51863.609375,21100.0
2021-02-17,51703.828125,-0.9996,0.119,0.802,0.079,51996.941406,52078.148438,51586.339844,13600.0
2021-02-18,51324.691406,-0.9993,0.117,0.794,0.089,51903.960938,51903.960938,51186.679688,18200.0
2021-02-19,50889.761719,-0.9998,0.13,0.794,0.077,51238.019531,51432.988281,50624.328125,15000.0
2021-02-22,49744.320313,-0.9999,0.148,0.771,0.081,50910.511719,50986.03125,49617.371094,16300.0
2021-02-23,49751.410156,-0.9998,0.138,0.782,0.08,49994.851563,50327.308594,49659.851563,14900.0
2021-02-24,50781.691406,-0.9999,0.154,0.762,0.084,49763.941406,50881.171875,49648.78125,45900.0
2021-02-25,51039.308594,-0.9992,0.107,0.815,0.078,51207.609375,51386.121094,50991.761719,33500.0
2021-02-26,49099.988281,-0.9997,0.118,0.81,0.072,50256.710938,50400.308594,48890.480469,23100.0
2021-03-01,49849.839844,-0.9993,0.09,0.855,0.055,49747.710938,50058.421875,49440.460938,18400.0
2021-03-02,50296.890625,-0.9999,0.142,0.782,0.076,50258.089844,50439.820313,49807.121094,17500.0
2021-03-03,51444.648438,-0.9998,0.131,0.793,0.076,50738.210938,51539.890625,50512.839844,15800.0
2021-03-04,50846.078125,-0.9998,0.134,0.778,0.088,50812.140625,51256.550781,50539.921875,21800.0
2021-03-05,50405.320313,-0.999,0.101,0.824,0.075,50517.359375,50886.191406,50160.539063,19200.0
2021-03-08,50441.070313,-0.9997,0.13,0.783,0.087,50654.019531,50985.769531,50318.261719,14200.0
2021-03-09,51025.480469,-0.9994,0.113,0.81,0.077,50714.160156,51111.941406,50396.101563,12200.0
2021-03-10,51279.511719,-0.9998,0.136,0.783,0.081,51404.679688,51430.429688,51048.929688,9300.0
2021-03-12,50792.078125,-0.9998,0.124,0.807,0.069,51660.980469,51821.839844,50538.429688,12200.0
2021-03-15,50395.078125,-0.9936,0.113,0.78,0.107,50773.46875,50834.78125,49799.070313,17600.0
2021-03-16,50363.960938,-0.9996,0.107,0.83,0.063,50608.421875,50857.980469,50289.441406,100.0
2021-03-17,49801.621094,-0.9996,0.094,0.857,0.05,50436.019531,50561.121094,49718.648438,100.0
2021-03-18,49216.519531,-0.9999,0.144,0.777,0.079,50161.25,50296.351563,48962.359375,12600.0
2021-03-19,49858.238281,-0.9997,0.121,0.799,0.079,48881.191406,50003.578125,48586.929688,17500.0
2021-03-22,49771.289063,-0.9998,0.124,0.798,0.077,49878.769531,49878.769531,49281.019531,11600.0
2021-03-23,50051.441406,-0.9997,0.115,0.811,0.073,49876.210938,50264.648438,49661.921875,13400.0
2021-03-24,49180.308594,-0.9997,0.125,0.795,0.08,49786.46875,49854.578125,49120.339844,9200.0
2021-03-25,48440.121094,-0.9939,0.1,0.813,0.087,49201.980469,49247.949219,48236.351563,14300.0
2021-03-26,49008.5,-0.9997,0.129,0.791,0.08,48969.25,49234.660156,48699.910156,10600.0
2021-03-30,50136.578125,0.9867,0.099,0.798,0.103,49331.679688,50268.449219,49331.679688,10500.0
2021-03-31,49509.148438,-0.9998,0.128,0.809,0.063,50049.121094,50050.320313,49442.5,11900.0
2021-04-01,50029.828125,-0.9996,0.105,0.832,0.063,49868.53125,50092.480469,49478.53125,8500.0
2021-04-05,49159.320313,-0.9997,0.123,0.8,0.078,50020.910156,50028.671875,48580.800781,12700.0
2021-04-06,49201.390625,-0.9997,0.116,0.821,0.064,49441.128906,49582.261719,48936.351563,9600.0
2021-04-07,49661.761719,-0.9995,0.101,0.835,0.064,49277.089844,49900.128906,49093.898438,9800.0
2021-04-08,49746.210938,-0.9998,0.113,0.823,0.064,49885.261719,50118.078125,49581.609375,21800.0
2021-04-09,49591.320313,-0.9998,0.128,0.804,0.068,49743.390625,49906.910156,49461.011719,8900.0
2021-04-12,47883.378906,-0.9999,0.145,0.782,0.073,48956.648438,48956.648438,47693.441406,19100.0
2021-04-13,48544.058594,-0.9999,0.133,0.81,0.057,47991.53125,48627.429688,47775.320313,10000.0
2021-04-15,48803.679688,-0.9999,0.138,0.791,0.071,48512.769531,48887.851563,48010.550781,16100.0
2021-04-16,48832.03125,-0.9998,0.127,0.803,0.07,48935.738281,49089.550781,48694.488281,11900.0
2021-04-19,47949.421875,-0.9997,0.113,0.823,0.064,47940.808594,48020.789063,47362.710938,10500.0
2021-04-20,47705.800781,-0.9999,0.136,0.806,0.058,48473.039063,48478.339844,47438.5,11600.0
2021-04-22,48080.671875,-0.9998,0.128,0.797,0.075,47501.710938,48143.160156,47204.5,15800.0
2021-04-23,47878.449219,-0.9997,0.125,0.793,0.082,47863.808594,48265.390625,47669.550781,11200.0
2021-04-26,48386.511719,-0.9996,0.123,0.789,0.089,48197.371094,48667.980469,48152.238281,15200.0
2021-04-27,48944.140625,-0.9999,0.136,0.794,0.07,48424.078125,49009.261719,48399.53125,10100.0
2021-04-28,49733.839844,-0.9997,0.119,0.811,0.07,49066.640625,49801.480469,49066.640625,14300.0
2021-04-29,49765.941406,-0.9998,0.123,0.803,0.074,50093.859375,50375.769531,49535.980469,13200.0
2021-04-30,48782.359375,-0.9998,0.123,0.806,0.071,49360.890625,49569.421875,48698.078125,19400.0
2021-05-03,48718.519531,-0.9946,0.109,0.793,0.098,48356.011719,48863.230469,48028.070313,14700.0
2021-05-04,48253.511719,-0.9997,0.13,0.782,0.088,48881.628906,48996.53125,48149.449219,13200.0
2021-05-05,48677.550781,-0.9997,0.121,0.807,0.072,48569.121094,48742.71875,48254.320313,12700.0
2021-05-06,48949.761719,-0.9996,0.12,0.8,0.08,48877.78125,49011.308594,48614.109375,9500.0
2021-05-10,49502.410156,-0.9994,0.114,0.797,0.089,49496.050781,49617.46875,49412.050781,12200.0
2021-05-11,49161.808594,-0.9997,0.116,0.815,0.069,49066.449219,49304.46875,48988.179688,15000.0
2021-05-12,48690.800781,-0.9999,0.139,0.785,0.076,49171.28125,49171.28125,48550.71875,17400.0
2021-05-14,48732.550781,-0.999,0.107,0.806,0.087,48898.929688,48898.929688,48473.429688,18200.0
2021-05-17,49580.730469,-0.9997,0.126,0.785,0.088,48990.699219,49628.421875,48923.128906,20600.0
2021-05-18,50193.328125,-0.9997,0.119,0.802,0.079,49986.679688,50313.25,49959.199219,14400.0
2021-05-19,49902.640625,-0.9998,0.132,0.781,0.086,50088.808594,50279.011719,49831.398438,13300.0
2021-05-20,49564.859375,-0.9997,0.112,0.823,0.065,49971.519531,50099.171875,49496.78125,8300.0
2021-05-21,50540.480469,-0.9997,0.131,0.775,0.094,49833.980469,50591.121094,49832.71875,18100.0
2021-05-24,50651.898438,-0.9991,0.088,0.851,0.061,50727.28125,50857.589844,50465.898438,16800.0
2021-05-25,50637.53125,-0.9998,0.136,0.777,0.087,50922.320313,50961.351563,50474.339844,10800.0
2021-05-26,51017.519531,-0.9997,0.121,0.797,0.083,50899.578125,51072.609375,50620.449219,9400.0
2021-05-27,51115.21875,-0.9996,0.113,0.809,0.078,51128.800781,51282.898438,50891.660156,12300.0
2021-05-28,51422.878906,-0.9998,0.13,0.792,0.079,51381.269531,51529.320313,51258.691406,15200.0
2021-05-31,51937.441406,-0.9998,0.125,0.8,0.076,51476.21875,52013.21875,51179.941406,15300.0
2021-06-01,51934.878906,-0.9995,0.111,0.81,0.079,52067.511719,52228.648438,51808.878906,13400.0
2021-06-02,51849.480469,-0.9998,0.127,0.797,0.076,51749.101563,51913.921875,51450.578125,13500.0
2021-06-03,52232.429688,-0.9999,0.145,0.784,0.071,52121.578125,52273.230469,51942.199219,15000.0
2021-06-04,52100.050781,-0.9997,0.117,0.811,0.072,52367.519531,52389.019531,51952.699219,16700.0
2021-06-07,52328.511719,-0.9998,0.131,0.786,0.083,52231.378906,52378.691406,52054.761719,19800.0
2021-06-08,52275.570313,-0.9997,0.109,0.822,0.069,52428.71875,52432.429688,52135.039063,12300.0
2021-06-09,51941.640625,-0.9989,0.094,0.837,0.069,52401.410156,52446.921875,51717.070313,15200.0
2021-06-10,52300.46875,-0.9999,0.132,0.8,0.068,52143.898438,52346.351563,51957.921875,8600.0
2021-06-11,52474.761719,-0.9993,0.099,0.83,0.071,52477.191406,52641.53125,52388.949219,8500.0
2021-06-14,52551.53125,-0.9997,0.124,0.79,0.086,52492.339844,52590.921875,51936.308594,9900.0
2021-06-15,52773.050781,-0.9999,0.149,0.783,0.068,52751.828125,52869.511719,52671.289063,16300.0
2021-06-16,52501.980469,-0.9996,0.124,0.789,0.087,52782.210938,52816.308594,52425.570313,12900.0
2021-06-17,52323.328125,-0.9999,0.143,0.787,0.07,52122.25,52523.878906,52040.511719,8900.0
2021-06-18,52344.449219,-0.9998,0.13,0.794,0.076,52568.070313,52586.410156,51601.109375,11800.0
2021-06-21,52574.460938,-0.9998,0.113,0.813,0.074,51887.550781,52629.179688,51740.191406,12500.0
2021-06-22,52588.710938,-0.9996,0.101,0.83,0.068,52885.039063,53057.109375,52520.550781,7700.0
2021-06-23,52306.078125,-0.9999,0.142,0.782,0.076,52912.351563,52912.351563,52264.121094,13600.0
2021-06-24,52699.0,-0.9999,0.153,0.765,0.082,52514.570313,52830.679688,52385.050781,7900.0
2021-06-25,52925.039063,-0.9998,0.121,0.809,0.069,52877.160156,52973.070313,52614.488281,10700.0
2021-06-28,52735.589844,-0.9998,0.123,0.806,0.071,53126.730469,53126.730469,52673.5,6200.0
2021-06-29,52549.660156,-0.9996,0.114,0.807,0.079,52795.761719,52816.421875,52477.769531,9200.0
2021-06-30,52482.710938,-0.9999,0.134,0.794,0.072,52651.089844,52875.921875,52448.640625,9500.0
2021-07-01,52318.601563,-0.9998,0.124,0.811,0.065,52638.5,52638.5,52281.011719,5800.0
2021-07-02,52484.671875,-0.9997,0.117,0.815,0.068,52434.550781,52527.898438,52177.679688,6400.0
2021-07-05,52880.0,-0.9998,0.132,0.794,0.074,52682.890625,52919.171875,52604.351563,7600.0
2021-07-06,52861.179688,-0.9999,0.142,0.779,0.079,52874.851563,53129.371094,52804.179688,7000.0
2021-07-07,53054.761719,-0.9999,0.146,0.78,0.074,52919.710938,53105.410156,52751.761719,8000.0
2021-07-08,52568.941406,-0.9999,0.13,0.803,0.067,53065.691406,53103.03125,52428.839844,6400.0
2021-07-09,52386.191406,-0.9999,0.139,0.789,0.072,52508.238281,52555.730469,52228.011719,6400.0
2021-07-12,52372.691406,-0.9999,0.153,0.774,0.073,52634.328125,52700.511719,52208.960938,24900.0
2021-07-13,52769.730469,-0.9999,0.153,0.776,0.07,52694.890625,52806.859375,52545.679688,7900.0
2021-07-14,52904.050781,-0.9999,0.152,0.771,0.077,52801.441406,52978.578125,52611.96875,9300.0
2021-07-15,53158.851563,-0.9998,0.12,0.815,0.065,52968.890625,53266.121094,52948.429688,8100.0
2021-07-16,53140.058594,-0.9999,0.142,0.79,0.068,53244.398438,53290.808594,52997.089844,6700.0
2021-07-19,52553.398438,-0.9999,0.139,0.792,0.07,52606.988281,52821.171875,52405.890625,23800.0
2021-07-20,52198.511719,-0.9999,0.138,0.783,0.079,52432.878906,52465.03125,52013.511719,8000.0
2021-07-22,52837.210938,-0.9999,0.136,0.791,0.073,52494.558594,52867.261719,52471.230469,8300.0
2021-07-23,52975.800781,-0.9999,0.147,0.795,0.057,52967.871094,53114.699219,52653.769531,12100.0
2021-07-26,52852.269531,-0.9998,0.133,0.78,0.087,52985.261719,53103.421875,52783.628906,20900.0
2021-07-27,52578.761719,-0.9999,0.147,0.783,0.071,52995.71875,53024.699219,52433.179688,6300.0
2021-07-28,52443.710938,-0.9999,0.16,0.77,0.07,52673.691406,52673.691406,51802.730469,8000.0
2021-07-29,52653.070313,-0.9999,0.153,0.766,0.081,52693.53125,52777.179688,52561.390625,8800.0
2021-07-30,52586.839844,-0.9997,0.113,0.822,0.066,52792.359375,52910.230469,52533.910156,9900.0
2021-08-02,52950.628906,-0.9997,0.11,0.829,0.061,52901.28125,52986.769531,52804.078125,7900.0
2021-08-03,53823.359375,-0.9997,0.132,0.777,0.091,53125.96875,53887.980469,53088.351563,8100.0
2021-08-04,54369.769531,-0.9998,0.126,0.793,0.081,54071.21875,54465.910156,54034.308594,14600.0
2021-08-05,54492.839844,-0.9998,0.118,0.822,0.06,54576.640625,54717.238281,54230.890625,15300.0
2021-08-06,54277.71875,-0.9998,0.12,0.811,0.069,54492.171875,54633.578125,54210.328125,7200.0
2021-08-09,54402.851563,-0.9997,0.116,0.818,0.066,54385.710938,54584.730469,54124.269531,11500.0
2021-08-10,54554.660156,-0.9999,0.151,0.773,0.076,54461.308594,54779.660156,54308.769531,8700.0
2021-08-11,54525.929688,-0.9999,0.146,0.766,0.088,54730.648438,54758.738281,54167.199219,6500.0
2021-08-12,54843.980469,-0.9999,0.144,0.778,0.079,54641.21875,54874.101563,54536.648438,9300.0
2021-08-13,55437.289063,-0.9999,0.163,0.763,0.074,54911.949219,55487.789063,54905.488281,14100.0
2021-08-16,55582.578125,0.9998,0.078,0.798,0.124,55479.738281,55680.75,55281.019531,6000.0
2021-08-17,55792.269531,-0.9998,0.144,0.764,0.092,55565.640625,55854.878906,55386.488281,6800.0
2021-08-18,55629.488281,-0.9994,0.09,0.854,0.055,56073.308594,56118.570313,55514.890625,16100.0
2021-08-20,55329.320313,-0.9999,0.14,0.791,0.07,55159.128906,55543.160156,55013.980469,6800.0
2021-08-23,55555.789063,-0.9999,0.139,0.778,0.083,55695.839844,55781.171875,55240.289063,7500.0
2021-08-24,55958.980469,-0.9999,0.15,0.768,0.082,55647.109375,56023.21875,55536.839844,7600.0
2021-08-25,55944.210938,-0.9992,0.104,0.822,0.073,56067.058594,56198.128906,55899.960938,5400.0
2021-08-26,55949.101563,-0.9991,0.105,0.818,0.077,55988.410156,56112.390625,55854.070313,8300.0
2021-08-27,56124.71875,-0.9999,0.142,0.769,0.088,55862.929688,56188.230469,55675.871094,6000.0
2021-08-30,56889.761719,-0.9998,0.142,0.775,0.083,56329.25,56958.269531,56309.859375,6600.0
2021-08-31,57552.390625,-0.9998,0.134,0.786,0.08,56995.148438,57625.261719,56859.101563,11200.0
2021-09-01,57338.210938,-0.9999,0.143,0.775,0.082,57763.53125,57918.710938,57263.898438,7300.0
2021-09-02,57852.539063,-0.9998,0.124,0.802,0.074,57423.648438,57892.371094,57287.789063,5100.0
2021-09-03,58129.949219,-0.9999,0.136,0.796,0.068,57983.449219,58194.789063,57764.070313,6100.0
2021-09-06,58296.910156,-0.9996,0.121,0.799,0.079,58411.621094,58515.851563,58200.289063,5600.0
2021-09-07,58279.480469,-0.9992,0.107,0.81,0.083,58418.691406,58553.070313,58005.070313,7400.0
2021-09-08,58250.261719,-0.9995,0.118,0.802,0.08,58350.558594,58372.941406,57924.480469,5300.0
2021-09-09,58305.070313,-0.9996,0.13,0.774,0.097,58172.980469,58334.589844,58084.988281,5300.0
2021-09-13,58177.761719,-0.9999,0.156,0.764,0.08,58262.109375,58314.640625,57944.628906,5600.0
2021-09-14,58247.089844,-0.9997,0.104,0.839,0.057,58482.621094,58482.621094,58214.289063,6700.0
2021-09-15,58723.199219,-0.9998,0.116,0.833,0.051,58354.109375,58777.058594,58272.820313,9600.0
2021-09-16,59141.160156,-0.9998,0.138,0.777,0.085,58881.039063,59204.289063,58700.5,24700.0
2021-09-17,59015.890625,-0.9998,0.122,0.805,0.073,59409.980469,59737.320313,58871.730469,13100.0
2021-09-20,58490.929688,-0.9972,0.113,0.783,0.104,58634.691406,59202.558594,58389.691406,17400.0
2021-09-21,59005.269531,-0.9999,0.149,0.781,0.07,58630.058594,59084.511719,58232.539063,9500.0
2021-09-22,58927.328125,-0.9999,0.139,0.798,0.064,59166.148438,59178.441406,58878.378906,19200.0
2021-09-23,59885.359375,-0.9998,0.122,0.815,0.063,59358.179688,59957.25,59243.148438,44600.0
2021-09-24,60048.46875,-0.9999,0.142,0.785,0.072,60158.761719,60333.0,59946.550781,10900.0
2021-09-27,60077.878906,-0.9998,0.127,0.799,0.074,60303.789063,60412.320313,59887.191406,6200.0
2021-09-28,59667.601563,-0.9999,0.14,0.783,0.077,60285.890625,60288.441406,59045.53125,21100.0
2021-09-29,59413.269531,-0.9999,0.139,0.789,0.072,59296.539063,59678.660156,59111.410156,16100.0
2021-09-30,59126.359375,-0.9999,0.134,0.793,0.073,59549.570313,59557.238281,59019.28125,8900.0
2021-10-01,58765.578125,-0.9999,0.129,0.814,0.057,58889.769531,58890.078125,58551.140625,10200.0
2021-10-04,59299.320313,-0.9994,0.112,0.808,0.08,59143.0,59548.820313,58952.109375,10000.0
2021-10-05,59744.878906,-0.9999,0.131,0.817,0.052,59320.140625,59778.871094,59127.039063,12900.0
2021-10-06,59189.730469,-0.9999,0.139,0.79,0.072,59942.0,59963.570313,59079.859375,7000.0
2021-10-07,59677.828125,-0.9999,0.148,0.781,0.071,59632.808594,59914.910156,59597.058594,5700.0
2021-10-08,60059.058594,-0.9998,0.142,0.765,0.093,59960.390625,60212.300781,59830.929688,5700.0
2021-10-11,60135.78125,-0.9999,0.138,0.798,0.064,60099.679688,60476.128906,59811.421875,42500.0
2021-10-12,60284.308594,-0.9999,0.13,0.808,0.062,60045.75,60331.738281,59885.390625,6500.0
2021-10-13,60737.050781,-0.9999,0.13,0.797,0.073,60619.910156,60836.628906,60452.289063,8500.0
2021-10-14,61305.949219,-0.9997,0.129,0.787,0.085,61088.820313,61353.25,60978.039063,12600.0
2021-10-18,61765.589844,-0.9999,0.148,0.777,0.074,61817.320313,61963.070313,61624.648438,11800.0
2021-10-19,61716.050781,-0.9999,0.143,0.8,0.057,62156.480469,62245.429688,61594.289063,8600.0
2021-10-20,61259.960938,-0.9999,0.13,0.805,0.066,61800.070313,61880.359375,61109.289063,48400.0
2021-10-21,60923.5,-0.9998,0.138,0.781,0.082,61557.941406,61621.199219,60485.648438,7300.0
2021-10-22,60821.621094,-0.9999,0.126,0.818,0.055,61044.539063,61420.128906,60551.148438,9400.0
2021-10-25,60967.050781,-0.9999,0.142,0.778,0.08,61398.75,61404.988281,60449.679688,10500.0
2021-10-26,61350.261719,-0.9999,0.149,0.781,0.07,60997.898438,61497.710938,60791.289063,6700.0
2021-10-27,61143.328125,-0.9996,0.109,0.823,0.069,61499.699219,61576.851563,60989.390625,8900.0
2021-10-28,59984.699219,-0.9993,0.105,0.822,0.073,61081.0,61081.0,59777.578125,8600.0
2021-10-29,59306.929688,-0.9983,0.085,0.857,0.058,59857.328125,60132.808594,59089.371094,9000.0
2021-11-01,60138.460938,-0.9996,0.114,0.807,0.079,59577.480469,60220.210938,59355.121094,7200.0
2021-11-02,60029.058594,-0.9998,0.124,0.802,0.074,60360.609375,60421.140625,59881.75,6000.0
2021-11-03,59771.921875,-0.999,0.122,0.779,0.099,60275.210938,60361.820313,59552.488281,8500.0
2021-11-04,60067.621094,-0.9983,0.115,0.784,0.101,60207.96875,60207.96875,60011.460938,1800.0
2021-11-08,60545.609375,-0.9994,0.115,0.799,0.086,60385.761719,60609.160156,59779.191406,7500.0
2021-11-09,60433.449219,-0.9998,0.118,0.82,0.062,60609.71875,60670.46875,60213.640625,6200.0
2021-11-10,60352.820313,-0.9995,0.12,0.789,0.091,60295.261719,60506.5,59967.449219,7500.0
2021-11-11,59919.691406,-0.9999,0.137,0.791,0.072,60291.699219,60293.25,59656.261719,6200.0
2021-11-12,60686.691406,-0.9999,0.165,0.743,0.092,60248.039063,60750.71875,59997.960938,6900.0
2021-11-15,60718.710938,-0.9999,0.146,0.77,0.085,60837.398438,61036.558594,60597.359375,7100.0
2021-11-16,60322.371094,-0.9999,0.158,0.753,0.09,60755.378906,60802.789063,60199.558594,6300.0
2021-11-17,60008.328125,-0.9999,0.148,0.768,0.084,60179.929688,60426.609375,59944.769531,19900.0
2021-11-18,59636.011719,-0.9999,0.124,0.813,0.062,59968.75,60177.519531,59376.5,7800.0
2021-11-22,58465.890625,-0.9993,0.107,0.813,0.08,59710.480469,59778.371094,58011.921875,10600.0
2021-11-23,58664.328125,-0.9997,0.118,0.805,0.077,57983.949219,58834.949219,57718.339844,12000.0
2021-11-24,58340.988281,-0.9998,0.135,0.775,0.09,58839.320313,58968.121094,58143.441406,8800.0
2021-11-25,58795.089844,-0.9994,0.108,0.814,0.078,58363.929688,58901.578125,58143.859375,6800.0
2021-11-26,57107.148438,-0.9999,0.161,0.761,0.079,58254.789063,58254.789063,56993.890625,8400.0
2021-11-29,57260.578125,-0.9997,0.123,0.794,0.082,57028.039063,57626.511719,56382.929688,8400.0
2021-11-30,57064.871094,-0.9998,0.128,0.809,0.063,57272.078125,58183.769531,56867.511719,8100.0
2021-12-01,57684.789063,-0.9999,0.141,0.786,0.073,57365.851563,57846.449219,57346.78125,11700.0
2021-12-02,58461.289063,-0.9998,0.124,0.805,0.07,57781.480469,58513.929688,57680.410156,8100.0
2021-12-03,57696.460938,-0.9999,0.133,0.793,0.073,58555.578125,58757.089844,57640.570313,8500.0
2021-12-06,56747.140625,-0.9999,0.136,0.807,0.057,57778.011719,57781.460938,56687.621094,7200.0
2021-12-07,57633.648438,-0.9999,0.148,0.768,0.084,57125.980469,57905.628906,56992.269531,10900.0
2021-12-08,58649.679688,-0.9998,0.121,0.811,0.068,58158.558594,58702.648438,58122.269531,13400.0
2021-12-09,58807.128906,-0.9995,0.101,0.837,0.062,58831.410156,58889.960938,58340.851563,7900.0
2021-12-10,58786.671875,-0.9999,0.142,0.776,0.081,58696.710938,58859.910156,58414.761719,5600.0
2021-12-13,58283.421875,-0.9999,0.146,0.781,0.073,59103.71875,59203.371094,58242.800781,5900.0
2021-12-14,58117.089844,-0.9999,0.133,0.796,0.071,58059.761719,58322.421875,57803.871094,6800.0
2021-12-15,57788.03125,-0.9998,0.135,0.794,0.072,58122.0,58218.25,57671.609375,7600.0
2021-12-16,57901.140625,-0.9999,0.134,0.81,0.057,58243.429688,58337.199219,57683.109375,5200.0
2021-12-17,57011.738281,-0.9996,0.119,0.802,0.079,58021.628906,58062.28125,56950.980469,8600.0
2021-12-20,55822.011719,-0.9998,0.134,0.778,0.088,56517.261719,56538.148438,55132.679688,13300.0
2021-12-21,56319.011719,-0.9996,0.117,0.812,0.071,56320.019531,56900.738281,56047.21875,7400.0
2021-12-22,56930.558594,-0.9997,0.115,0.815,0.069,56599.46875,56989.011719,56471.03125,6100.0
2021-12-23,57315.28125,-0.9996,0.118,0.809,0.074,57251.148438,57490.519531,57146.28125,6000.0
2021-12-24,57124.308594,-0.9999,0.141,0.779,0.08,57567.109375,57623.691406,56813.421875,6400.0
2021-12-27,57420.238281,-0.9998,0.131,0.785,0.084,56948.328125,57512.011719,56543.078125,5700.0
2021-12-28,57897.480469,-0.9999,0.134,0.798,0.068,57751.210938,57952.480469,57650.289063,5500.0
2021-12-29,57806.488281,-0.9998,0.14,0.771,0.089,57892.308594,58097.070313,57684.578125,5300.0
2021-12-30,57794.320313,-0.9998,0.137,0.776,0.087,57755.398438,58010.03125,57578.988281,7300.0
2021-12-31,58253.820313,-0.9999,0.139,0.785,0.075,57849.761719,58409.300781,57846.519531,7000.0
2022-01-03,59183.21875,-0.9995,0.11,0.813,0.077,58310.089844,59266.390625,58306.449219,8200.0
2022-01-04,59855.929688,-0.9998,0.129,0.804,0.067,59343.789063,59937.328125,59084.398438,9100.0
2022-01-05,60223.148438,-0.9998,0.119,0.82,0.062,59921.980469,60332.71875,59661.378906,8600.0
2022-01-06,59601.839844,-0.9995,0.11,0.821,0.069,59731.75,59781.859375,59290.578125,6000.0
2022-01-07,59744.648438,-0.9995,0.119,0.797,0.084,59776.101563,60130.179688,59401.441406,8300.0
2022-01-10,60395.628906,-0.9986,0.091,0.842,0.067,60070.390625,60427.359375,59987.179688,7600.0
2022-01-11,60616.890625,-0.9997,0.134,0.776,0.091,60342.699219,60689.25,60281.519531,6500.0
2022-01-12,61150.039063,-0.9999,0.145,0.766,0.089,61014.371094,61218.191406,60850.929688,6200.0
2022-01-13,61235.300781,-0.999,0.105,0.815,0.08,61259.988281,61348.570313,60949.808594,9300.0
2022-01-14,61223.03125,-0.9998,0.118,0.819,0.063,61040.320313,61324.589844,60757.03125,6900.0
2022-01-17,61308.910156,-0.9999,0.156,0.761,0.083,61219.640625,61385.480469,61107.601563,7600.0
2022-01-18,60754.859375,-0.9994,0.113,0.809,0.078,61430.769531,61475.148438,60662.570313,12500.0
2022-01-19,60098.820313,-0.9998,0.136,0.788,0.077,60845.589844,60870.171875,59949.21875,7000.0
2022-01-20,59464.621094,-0.9999,0.147,0.791,0.062,60045.480469,60045.480469,59068.308594,11800.0
2022-01-21,59037.179688,-0.9998,0.13,0.798,0.072,59039.371094,59329.628906,58620.929688,7600.0
2022-01-24,57491.511719,-0.9999,0.164,0.751,0.086,59023.96875,59023.96875,56984.011719,10800.0
2022-01-25,57858.148438,-0.9997,0.114,0.816,0.07,57158.628906,57966.929688,56409.628906,10400.0
2022-01-27,57276.941406,0.9961,0.091,0.802,0.107,57317.378906,57508.609375,56439.359375,10300.0
2022-01-28,57200.230469,-0.9994,0.116,0.799,0.085,57795.109375,58084.328125,57119.28125,13000.0
2022-01-31,58014.171875,-0.9999,0.153,0.77,0.077,57845.910156,58257.628906,57746.148438,7400.0
